target_id	length	eff_length	est_counts	tpm
ArcA	4000	3851	4087.99	30056
ArcB	2000	1851	5636.79	86222.4
ArcC	3000	2851	25042.8	248703
ArcD	4000	3851	11493.1	84500.4
ArcE	4000	3851	15631.8	114929
ArcF	3000	2851	0.00953762	0.0947191
ArcG	2000	1851	4837.94	74002.9
ArcH	2000	1851	5812.01	88902.7
ArcI	3000	2851	4431.78	44012.5
ArcJ	3000	2851	23025.7	228671
